IP;Nombre de requêtes
BP-Linux8.ssh;61
192.168.190;127
192.168.190.130;67
BP-Linux8;3034
130.190.168;2
ns1.lan.rt.domain;84
184.107.43;2002
190-0-175-100.gba.solunet.com.ar;1970
190-0-175-100.gba.solunet.com.ar.mon;2
190-0-175-100.gba.solunet.com.ar.zebrasrv;2
190-0-175-100.gba.solunet.com.ar.zebra;2
190-0-175-100.gba.solunet.com.ar.ripd;2
190-0-175-100.gba.solunet.com.ar.ripngd;2
190-0-175-100.gba.solunet.com.ar.ospfd;2
190-0-175-100.gba.solunet.com.ar.bgpd;2
190-0-175-100.gba.solunet.com.ar.ospf6d;2
190-0-175-100.gba.solunet.com.ar.ospfapi;2
190-0-175-100.gba.solunet.com.ar.isisd;2
190-0-175-100.gba.solunet.com.ar.dict;2
190-0-175-100.gba.solunet.com.ar.f5-globalsite;2
190-0-175-100.gba.solunet.com.ar.gsiftp;2
190-0-175-100.gba.solunet.com.ar.gpsd;2
190-0-175-100.gba.solunet.com.ar.afbackup;2
190-0-175-100.gba.solunet.com.ar.afmbackup;2
190-0-175-100.gba.solunet.com.ar.gds-db;2
190-0-175-100.gba.solunet.com.ar.icpv2;2
12.250.250;2
74.43.107;2
190-0-175-100.gba.solunet.com.ar.iscsi-target;2
190-0-175-100.gba.solunet.com.ar.mysql;2
190-0-175-100.gba.solunet.com.ar.nut;2
190-0-175-100.gba.solunet.com.ar.distcc;2
190-0-175-100.gba.solunet.com.ar.daap;2
190-0-175-100.gba.solunet.com.ar.svn;2
190-0-175-100.gba.solunet.com.ar.suucp;2
190-0-175-100.gba.solunet.com.ar.sysrqd;2
190-0-175-100.gba.solunet.com.ar.sieve;2
190-0-175-100.gba.solunet.com.ar.xtell;2
190-0-175-100.gba.solunet.com.ar.f5-iquery;2
190-0-175-100.gba.solunet.com.ar.epmd;2
190-0-175-100.gba.solunet.com.ar.remctl;2
100.175.0;2
par21s05-in-f131.1e100.net.http;28
131.204.58;2
34.107.221;2
82.221.107;14
82.221.107.34.bc.googleusercontent.com.http;6
35.244.181;2
201.181.244;33
201.181.244.35.bc.googleusercontent.com.https;15
93.184.220;13
93.184.220.29.http;7
29.220.184;2
server-54-230-114-7.mrs52.r.cloudfront.net.https;6
7.114.230;2
ec2-35-166-112-194.us-west-2.compute.amazonaws.com.https;3
192.168.115;127
194.112.166;2
server-54-230-114-73.mrs52.r.cloudfront.net.https;6
ec2-34-211-70-226.us-west-2.compute.amazonaws.com.https;3
1.115.168;2
server-54-230-114-122.mrs52.r.cloudfront.net.https;3
73.114.230;2
226.70.211;2
122.114.230;2
216.58.213;3
par21s04-in-f4.1e100.net.https;224
172.217.18;2
par10s38-in-f3.1e100.net.https;828
164.213.58;2
195.18.217;2
par21s23-in-f3.1e100.net.https;252
163.201.250;2
par21s20-in-f2.1e100.net.https;11
par21s23-in-f2.1e100.net.https;9
lhr25s01-in-f2.1e100.net.https;11
98.179.250;2
162.201.250;2
66.213.58;2
par21s11-in-f14.1e100.net.https;23
216.58.215;3
par21s17-in-f1.1e100.net.https;181
216.58.204;2
238.19.217;2
33.215.58;2
par21s22-in-f14.1e100.net.https;3
mad01s26-in-f174.1e100.net.https;3
par10s40-in-f14.1e100.net.https;3
par21s12-in-f14.1e100.net.https;3
142.178.250;2
174.214.58;2
238.74.250;2
142.22.217;2
142.250.201;4
par21s18-in-f3.1e100.net.https;20
67.213.58;2
142.250.74;3
par10s40-in-f3.1e100.net.https;22
227.74.250;2
161.3.1;3
mauves.univ-st-etienne.fr.https;1688
172.217.19;2
par21s11-in-f10.1e100.net.https;29
48.1.3;2
234.19.217;2
par10s28-in-f14.1e100.net.https;3
142.250.179;4
par21s20-in-f14.1e100.net.https;47
110.204.58;2
110.179.250;2
46.105.120;2
www.aggloroanne.fr.https;2131
62.120.105;2
par21s17-in-f14.1e100.net.https;51
46.215.58;2
par21s23-in-f10.1e100.net.https;100
170.201.250;2
91.121.37;53
91.121.37.244.https;25
104.18.31;9
104.18.30;2
104.18.31.182.http;4
244.37.121;2
182.31.18;2
par21s20-in-f10.1e100.net.https;17
106.179.250;2
